decay_x_mean,decay_h_mean,input_x_mean,mean_x,decay_x_max,decay_h_max,input_x_max,decay_x_min,decay_h_min,input_x_min,decay_x_mean_deviation,decay_h_mean_deviation,input_x_mean_deviation,number_of_zero_values
1.0,1.0,0.6721992732812501,0.62964153,1.0,1.0,0.82444435,1.0,1.0,0.0,0.37035847,0.37035847,0.04255774328125006,9
1.0,1.0,0.63940728875,0.65850836,1.0,1.0,0.8753023,1.0,1.0,0.0,0.34149164,0.34149164,0.019101071250000046,14
0.9691242162499998,1.0,0.6061002603125,0.6491544,0.97089386,1.0,0.86810637,0.96896344,1.0,0.0,0.31996981624999976,0.3508456,0.04305413968750005,16
0.9595228264062499,0.9895094928125,0.63543958828125,0.6378767,0.9598859,1.0,0.854786,0.95491284,0.9264099,0.0,0.3216461264062499,0.35163279281250004,0.0024371117187499403,13
1.0,0.9990901975,0.6213059848437499,0.65175056,1.0,1.0,0.86528784,1.0,0.97360903,0.0,0.34824944,0.3473396375000001,0.030444575156250098,14
1.0,0.994736168125,0.64016443734375,0.6251589,1.0,1.0,0.8472356,1.0,0.9450147,0.0,0.37484110000000004,0.369577268125,0.015005537343749986,12
0.9538481959374999,1.0,0.5616365853125,0.608893,0.95419186,1.0,0.8411362,0.9477326,1.0,0.0,0.3449551959374999,0.391107,0.04725641468749997,17
1.0,0.86584195046875,0.63706584421875,0.6122745,1.0,0.9539431,0.9341364,1.0,0.79052573,0.0,0.38772549999999995,0.25356745046874996,0.024791344218749956,13
0.9843179609374999,0.9410930396875,0.6553109328125,0.6470534,0.99560404,1.0,0.8480667,0.98343253,0.86524653,0.0,0.3372645609374999,0.2940396396875,0.008257532812499968,12
0.9592145506249999,0.984406679375,0.69571129484375,0.64042884,0.9594568,1.0,0.87506837,0.95763326,0.9086736,0.0,0.31878571062499994,0.34397783937500004,0.05528245484375005,9
0.9789522728125,1.0,0.64385581515625,0.62795776,0.97949356,1.0,0.8765501,0.9756473,1.0,0.0,0.35099451281249994,0.37204223999999997,0.01589805515624998,13
1.0,1.0,0.72381421671875,0.7011041,1.0,1.0,0.944724,1.0,1.0,0.0,0.2988959,0.2988959,0.022710116718750006,11
0.98193760953125,0.9786963399999999,0.56562727078125,0.59896183,0.99636763,1.0,0.8634715,0.9799818,0.90133214,0.0,0.38297577953124995,0.3797345099999999,0.03333455921875006,16
1.0,0.9996671703125,0.6459277992187501,0.677488,1.0,1.0,0.87640613,1.0,0.9882636,0.0,0.322512,0.3221791703125,0.03156020078124988,14
0.964088625,0.8929484071875,0.5635839593749999,0.6364597,0.9671568,1.0,0.8568951,0.9638288,0.80521727,0.0,0.32762892500000007,0.25648870718750005,0.07287574062500002,19
1.0,0.98400250046875,0.6597871839062499,0.64646494,1.0,1.0,0.88684994,1.0,0.9368314,0.0,0.35353506,0.33753756046875005,0.01332224390624992,11
1.0,0.99558582875,0.68058311203125,0.6558122,1.0,1.0,0.8884637,1.0,0.8915824,0.0,0.34418780000000004,0.33977362875000006,0.024770912031250036,12
0.9498966821875,1.0,0.6034035159375001,0.6386621,0.9504535,1.0,0.88635445,0.9457063,1.0,0.0,0.3112345821875,0.3613379,0.03525858406249993,17
1.0,0.99236389921875,0.65962569796875,0.64244413,1.0,1.0,0.8480389,1.0,0.9385768,0.0,0.35755587,0.34991976921875,0.017181567968750033,12
0.9495457271875001,0.9996756953125,0.55692858875,0.58997,0.9519661,1.0,0.88777703,0.9348352,0.9859052,0.0,0.3595757271875001,0.4097056953125,0.03304141125000004,18
1.0,0.9998768640625,0.6290803715625,0.6611594,1.0,1.0,0.8867309,1.0,0.9921193,0.0,0.33884060000000005,0.33871746406250003,0.03207902843749999,15
0.96845373171875,0.9999929303125,0.69508316078125,0.6501188,0.96871006,1.0,0.8783948,0.9664742,0.99954754,0.0,0.31833493171875005,0.34987413031250003,0.04496436078124999,9
0.9428777559374999,1.0,0.6572880565625,0.6401073,0.94434506,1.0,0.8748412,0.9256632,1.0,0.0,0.30277045593749985,0.35989269999999995,0.017180756562499955,12
1.0,0.88276369265625,0.5960971584374999,0.6130958,1.0,0.98492974,0.8500048,1.0,0.7970496,0.0,0.38690420000000003,0.26966789265625,0.016998641562500083,15
1.0,0.9996672142187499,0.7025510209375,0.6418652,1.0,1.0,0.86384654,1.0,0.97938156,0.0,0.3581348,0.3578020142187499,0.06068582093749997,8
1.0,1.0,0.5790178415625,0.5955866,1.0,1.0,0.8552791,1.0,1.0,0.0,0.40441340000000003,0.40441340000000003,0.016568758437499942,16
0.9900555687500001,1.0,0.649653844375,0.63423675,0.9948675,1.0,0.9142176,0.9895123,1.0,0.0,0.3558188187500001,0.36576325,0.01541709437499994,12
1.0,0.9878680540625,0.64584866734375,0.6890835,1.0,1.0,0.9102007,1.0,0.92146957,0.0,0.31091650000000004,0.29878455406250004,0.043234832656249944,16
0.971415444375,0.99773212921875,0.605165989375,0.5989734,0.9729423,1.0,0.8564917,0.9583325,0.9422661,0.0,0.37244204437500006,0.39875872921875,0.006192589375000002,14
0.9812560365625,1.0,0.5763684903125,0.5908034,0.9818653,1.0,0.8908545,0.9744504,1.0,0.0,0.39045263656250007,0.4091966,0.014434909687499942,16
1.0,0.9985614631249999,0.63595179953125,0.6274099,1.0,1.0,0.8605358,1.0,0.98100144,0.0,0.37259010000000004,0.371151563125,0.008541899531250063,12
1.0,1.0,0.6179407360937499,0.6296737,1.0,1.0,0.8725801,1.0,1.0,0.0,0.3703263,0.3703263,0.011732963906250116,14
0.9750735020312499,0.97604962625,0.7200557590625,0.6463629,0.9762599,1.0,0.92322767,0.96638083,0.9058135,0.0,0.3287106020312499,0.32968672625000006,0.0736928590625,8
1.0,0.7733154546875,0.60469760734375,0.5593506,1.0,0.8358121,0.8163632,1.0,0.7089278,0.0,0.44064939999999997,0.21396485468749993,0.04534700734374997,11
1.0,0.9991441915625,0.6398236409375,0.6001869,1.0,1.0,0.867354,1.0,0.97596216,0.0,0.39981310000000003,0.39895729156250004,0.039636740937500026,10
0.9987492401562501,0.9847778768750001,0.6184931871875,0.6019731,0.9995349,1.0,0.9095578,0.99068165,0.89913744,0.0,0.39677614015625007,0.38280477687500003,0.016520087187499977,15
0.97380776125,1.0,0.7202675417187501,0.6420462,0.9743719,1.0,0.8937817,0.97372717,1.0,0.0,0.33176156125,0.3579538,0.07822134171875006,7
0.996770058125,0.99931310671875,0.6520123475,0.6278363,0.99722195,1.0,0.88241696,0.99144447,0.95603883,0.0,0.36893375812499996,0.37147680671874994,0.02417604750000002,11
0.9817757262500001,0.8950925635937501,0.612255146875,0.5883491,0.99314606,0.96546286,0.8367679,0.98049426,0.80691445,0.0,0.39342662625000013,0.30674346359375015,0.023906046875000087,13
1.0,0.983046626875,0.63220615421875,0.6139429,1.0,1.0,0.8832458,1.0,0.91666436,0.0,0.38605710000000004,0.36910372687500004,0.01826325421875008,14
1.0,0.9912328409375,0.58850425734375,0.5757571,1.0,1.0,0.8375823,1.0,0.94283503,0.0,0.4242429,0.41547574093749995,0.012747157343749982,14
1.0,0.86375898421875,0.67704045640625,0.6073396,1.0,0.94321305,0.8546428,1.0,0.79620147,0.0,0.3926604,0.25641938421875,0.06970085640625001,7
0.9663396171875,0.9889264156249999,0.6024932812499999,0.59515184,0.9769987,1.0,0.8431587,0.964711,0.886296,0.0,0.37118777718750007,0.39377457562499996,0.007341441249999914,13
1.0,0.90721587828125,0.6296243490625,0.6211912,1.0,0.99381185,0.8709783,1.0,0.8445561,0.0,0.37880879999999995,0.28602467828125,0.008433149062499923,13
0.9851040453125,0.93693959859375,0.6317971340624999,0.6173112,0.9855848,1.0,0.8569319,0.9850097,0.8644619,0.0,0.3677928453125,0.31962839859375003,0.014485934062499983,12
0.9870171093749999,0.9964093078125,0.62165118746875,0.6129878,0.9882721,1.0,0.8635979,0.9768217,0.94949377,0.0,0.3740293093749999,0.38342150781250006,0.008663387468750061,13
0.9804001384375001,0.957002205,0.6337161046875,0.63035756,0.9917822,1.0,0.85117996,0.9788926,0.8615315,0.0,0.3500425784375001,0.326644645,0.0033585446874999647,12
1.0,0.90092291,0.67284816359375,0.5971179,1.0,1.0,0.8055943,1.0,0.7926695,0.0,0.4028821,0.30380501000000004,0.07573026359375001,7
0.971709774375,0.99344762453125,0.56111065625,0.6121175,0.97809196,1.0,0.81320786,0.971285,0.945217,0.0,0.35959227437499997,0.38133012453125004,0.051006843749999975,17
0.9604734060937499,0.99461033,0.7559888870312499,0.67199916,0.961422,1.0,0.9074238,0.95636773,0.9162133,0.0,0.28847424609374983,0.32261116999999995,0.08398972703124985,5
0.96743835,1.0,0.6095440198437501,0.60927665,0.9683725,1.0,0.8544618,0.9598452,1.0,0.0,0.3581617,0.39072335,0.0002673698437500871,14
0.9999295771875,1.0,0.6490777368749999,0.6174745,1.0,1.0,0.7961313,0.99549294,1.0,0.0,0.38245507718749994,0.38252549999999996,0.031603236874999885,9
1.0,0.9901500014062501,0.6126829084375001,0.6292221,1.0,1.0,0.8169227,1.0,0.9008289,0.0,0.3707779,0.3609279014062501,0.016539191562499944,13
1.0,1.0,0.6091609462500001,0.5751441,1.0,1.0,0.78791595,1.0,1.0,0.0,0.42485589999999995,0.42485589999999995,0.03401684625000001,10
1.0,0.9935909840625,0.6558153796874999,0.64150786,1.0,1.0,0.86228466,1.0,0.93859696,0.0,0.35849213999999996,0.3520831240625,0.014307519687499881,12
1.0,1.0,0.66695725796875,0.6431886,1.0,1.0,0.87345594,1.0,1.0,0.0,0.3568114,0.3568114,0.02376865796875005,12
0.9919586929687498,0.9983679140624999,0.6899551778125,0.6653507,0.9923112,1.0,0.87504816,0.9871113,0.9469587,0.0,0.32660799296874987,0.33301721406249996,0.02460447781250008,10
0.99748768125,0.960359218125,0.6719981060937499,0.6419454,1.0,1.0,0.8875481,0.9972224,0.89764434,0.0,0.35554228125,0.318413818125,0.03005270609374988,11
0.9999786484375,1.0,0.6293940879687501,0.6216599,1.0,1.0,0.83765274,0.9986335,1.0,0.0,0.3783187484374999,0.37834009999999996,0.007734187968750028,13
1.0,1.0,0.6366718115625,0.6309962,1.0,1.0,0.8652096,1.0,1.0,0.0,0.3690038,0.3690038,0.00567561156249996,14
0.9866767934375,0.9966567940625,0.48043412859375,0.6334903,0.99439234,1.0,0.8521958,0.9861176,0.9504185,0.0,0.3531864934375001,0.3631664940625,0.15305617140624994,25
1.0,1.0,0.6288871429687499,0.64566064,1.0,1.0,0.9036696,1.0,1.0,0.0,0.35433936,0.35433936,0.016773497031250084,15
0.9788163506249999,0.9338891675000001,0.58949976421875,0.61734957,0.990481,1.0,0.8249591,0.9775392,0.86542165,0.0,0.36146678062499993,0.31653959750000005,0.02784980578124996,15
1.0,1.0,0.5852870490625,0.6141146,1.0,1.0,0.8608442,1.0,1.0,0.0,0.38588540000000005,0.38588540000000005,0.0288275509375,16
0.9605503796874999,0.9683777865625,0.6659464114062501,0.64012384,0.9691238,1.0,0.86220956,0.9585769,0.89085376,0.0,0.3204265396874999,0.32825394656249995,0.025822571406250105,11
0.974520986875,1.0,0.66920041828125,0.6201555,0.98319393,1.0,0.84941375,0.9731957,1.0,0.0,0.354365486875,0.37984450000000003,0.049044918281250016,9
1.0,1.0,0.62950929578125,0.6477332,1.0,1.0,0.85129696,1.0,1.0,0.0,0.3522668,0.3522668,0.018223904218749976,13
1.0,0.97905004671875,0.69457315171875,0.6535311,1.0,1.0,0.87468636,1.0,0.8799416,0.0,0.34646889999999997,0.3255189467187499,0.04104205171874997,9
0.9832621010937499,0.9991487675,0.58298915296875,0.636515,0.9839657,1.0,0.88321215,0.98319596,0.9730574,0.0,0.34674710109374984,0.3626337675,0.05352584703125007,17
0.9923545671875,1.0,0.5918045412499999,0.63135767,0.9935155,1.0,0.8691535,0.9842416,1.0,0.0,0.36099689718750005,0.36864233,0.039553128750000055,17
0.9999257890625,1.0,0.61871599515625,0.62337524,1.0,1.0,0.88671345,0.9952505,1.0,0.0,0.37655054906249996,0.37662476,0.004659244843750021,14
1.0,0.9955446812500001,0.59480261640625,0.59513247,1.0,1.0,0.83184975,1.0,0.9100773,0.0,0.40486753,0.40041221125000004,0.0003298535937500402,13
0.94915253796875,0.99713205484375,0.6530544418750001,0.64783496,0.94934607,1.0,0.85947704,0.9473911,0.9394716,0.0,0.30131757796875,0.34929709484375004,0.005219481875000098,12
0.9786991804687502,0.98213929140625,0.6506607720312501,0.66724694,0.97888905,1.0,0.8564375,0.9774598,0.9060633,0.0,0.3114522404687502,0.31489235140625005,0.0165861679687499,11
1.0,0.9972027756249999,0.64107981546875,0.6485586,1.0,1.0,0.85487264,1.0,0.94004196,0.0,0.3514414,0.34864417562499994,0.007478784531249949,13
1.0,0.9988394151562501,0.6941922773437501,0.6744291,1.0,1.0,0.9055808,1.0,0.9462302,0.0,0.3255709,0.3244103151562501,0.019763177343750105,11
1.0,1.0,0.59417571640625,0.6196327,1.0,1.0,0.8694017,1.0,1.0,0.0,0.38036729999999996,0.38036729999999996,0.025456983593750038,16
0.9485635890624999,1.0,0.70245636421875,0.65128,0.9497151,1.0,0.8619301,0.94154036,1.0,0.0,0.29728358906249996,0.34872000000000003,0.05117636421875005,9
0.9691853031250001,0.95311198109375,0.6799030790625,0.6464991,0.9699964,1.0,0.8802041,0.9620191,0.81325746,0.0,0.32268620312500007,0.30661288109374996,0.03340397906250003,11
0.9899755037499999,0.9993967734375,0.5491826592187501,0.6285134,0.9905848,1.0,0.8309812,0.9827994,0.9613935,0.0,0.3614621037499999,0.3708833734375,0.07933074078124991,19
1.0,0.9075545740625,0.6205968092187499,0.642712,1.0,0.98981076,0.8823289,1.0,0.81926084,0.0,0.35728800000000005,0.2648425740625,0.022115190781250016,15
1.0,1.0,0.659504430625,0.6391991,1.0,1.0,0.8409165,1.0,1.0,0.0,0.3608009,0.3608009,0.02030533062499995,10
0.9853548054687499,0.99995667578125,0.60308145109375,0.62576866,0.9864938,1.0,0.86490124,0.97093225,0.99722725,0.0,0.3595861454687499,0.37418801578125005,0.022687208906249978,16
0.9896858937499999,1.0,0.5739211923437499,0.6228716,0.9953725,1.0,0.8733436,0.9883736,1.0,0.0,0.36681429374999996,0.37712840000000003,0.04895040765625003,18
0.9651972940624999,0.99956281046875,0.5777720596875,0.64178044,0.9671701,1.0,0.8708018,0.9539109,0.98988783,0.0,0.32341685406249987,0.35778237046874994,0.0640083803125,18
0.9415437528124999,0.99907583359375,0.63341092328125,0.6129231,0.943261,1.0,0.8224426,0.93229306,0.9754419,0.0,0.32862065281249986,0.3861527335937499,0.020487823281249984,11
1.0,0.99939018125,0.58895019390625,0.61537474,1.0,1.0,0.82172644,1.0,0.9609716,0.0,0.38462525999999997,0.38401544125,0.02642454609375,15
0.9859000140625,1.0,0.51920119453125,0.6072172,0.9902908,1.0,0.830302,0.9855283,1.0,0.0,0.37868281406250004,0.3927828,0.08801600546874999,21
0.97126232671875,1.0,0.69572024828125,0.64866334,0.9741303,1.0,0.8660464,0.97082347,1.0,0.0,0.32259898671875,0.35133665999999997,0.047056908281249976,9
0.9791506273437498,0.9985281668749999,0.6806534628125,0.6696002,0.98009557,1.0,0.9082459,0.9680302,0.93888885,0.0,0.3095504273437498,0.3289279668749999,0.011053262812500075,12
0.9915686973437499,0.996934815,0.68161961671875,0.64391315,0.99789643,1.0,0.846696,0.9909747,0.9561588,0.0,0.3476555473437498,0.353021665,0.03770646671875,10
1.0,1.0,0.65339817140625,0.64042884,1.0,1.0,0.94324565,1.0,1.0,0.0,0.35957116,0.35957116,0.012969331406250006,13
0.97025171765625,0.9846134589062501,0.61288764328125,0.6201583,0.99202913,1.0,0.8609654,0.968617,0.92521,0.0,0.3500934176562499,0.36445515890625,0.007270656718750046,14
0.98633174609375,0.84073494375,0.6221744720312499,0.6245251,0.9873844,0.915224,0.8754369,0.9751527,0.7806877,0.0,0.3618066460937499,0.21620984374999996,0.002350627968750185,14
0.99623657125,0.98528757546875,0.61389339609375,0.6228069,0.9990874,1.0,0.86896974,0.99570864,0.9057158,0.0,0.37342967124999993,0.36248067546874996,0.008913503906250009,14
0.97528371703125,1.0,0.59024106171875,0.6291481,0.97536415,1.0,0.8629022,0.9752754,1.0,0.0,0.34613561703125006,0.3708519,0.03890703828124997,16
1.0,0.99581365859375,0.66059817890625,0.6256689,1.0,1.0,0.86304647,1.0,0.9284805,0.0,0.3743311,0.37014475859375007,0.03492927890625008,11
1.0,0.9994383703125,0.62490663203125,0.61149937,1.0,1.0,0.83120185,1.0,0.9640557,0.0,0.38850063,0.38793900031250006,0.013407262031249978,12
1.0,0.9943647729687499,0.709010924375,0.6182499,1.0,1.0,0.87224925,1.0,0.9394414,0.0,0.3817501,0.3761148729687499,0.090761024375,6
0.9825172199999999,0.9992017134375,0.6498965649999999,0.61716086,0.99923176,1.0,0.85649955,0.98058116,0.96924865,0.0,0.3653563599999998,0.38204085343749994,0.03273570499999989,10
0.973909253125,0.93027468,0.6159764350000001,0.61050296,0.9747324,1.0,0.8800769,0.9738241,0.8673774,0.0,0.36340629312499995,0.31977172,0.005473475000000061,13
1.0,0.85769657109375,0.52333543015625,0.601619,1.0,0.94824713,0.82876945,1.0,0.7715741,0.0,0.398381,0.25607757109374996,0.07828356984375007,20
0.999932159375,1.0,0.60909165671875,0.63857144,1.0,1.0,0.8704836,0.9990964,1.0,0.0,0.36136071937500003,0.36142856,0.029479783281250005,14
0.9927116703125001,1.0,0.65002458484375,0.6348482,0.9928363,1.0,0.90634495,0.9916096,1.0,0.0,0.3578634703125001,0.3651518,0.015176384843750057,13
1.0,0.980444175,0.6018263253125,0.6134733,1.0,1.0,0.8828059,1.0,0.86188215,0.0,0.3865267,0.36697087500000003,0.011646974687499978,15
0.9860356523437499,0.9909964051562501,0.623420961875,0.60037297,0.98690325,1.0,0.89472216,0.9859205,0.9397946,0.0,0.3856626823437499,0.3906234351562501,0.02304799187499995,12
1.0,1.0,0.5462028003125,0.6337875,1.0,1.0,0.85978943,1.0,1.0,0.0,0.36621250000000005,0.36621250000000005,0.08758469968749993,20
0.9713467843749999,1.0,0.62581298875,0.6647108,0.9802537,1.0,0.8984424,0.9698923,1.0,0.0,0.30663598437499984,0.33528919999999995,0.038897811250000025,16
0.9957684023437501,0.9980095556249999,0.62888625734375,0.6314703,0.99593455,1.0,0.8503614,0.99357265,0.934384,0.0,0.36429810234375004,0.3665392556249999,0.0025840426562500074,14
1.0,0.9262121070312501,0.6028461398437501,0.6157104,1.0,0.9912083,0.8436254,1.0,0.8317972,0.0,0.3842896,0.31050170703125013,0.012864260156249863,15
1.0,0.94899135109375,0.6385311059375001,0.61352324,1.0,1.0,0.8122414,1.0,0.867029,0.0,0.38647676,0.33546811109374997,0.02500786593750004,10
0.99918436171875,0.83050355671875,0.62055859703125,0.5870471,1.0,0.89496964,0.8621436,0.98441523,0.73217297,0.0,0.41213726171875,0.24345645671874994,0.033511497031250004,13
0.947310728125,0.9976022596875,0.66727275046875,0.6209214,0.9480524,1.0,0.86396813,0.9379095,0.9412476,0.0,0.326389328125,0.3766808596875001,0.04635135046875005,10
1.0,1.0,0.6073537684375,0.6309749,1.0,1.0,0.8396049,1.0,1.0,0.0,0.3690251,0.3690251,0.02362113156250001,14
1.0,0.99913063921875,0.700533441875,0.6274792,1.0,1.0,0.8550617,1.0,0.98231304,0.0,0.3725208,0.37165143921875,0.07305424187499998,7
0.9670961999999999,0.99602530671875,0.62696604265625,0.64234143,0.9686698,1.0,0.8660433,0.9568492,0.96225834,0.0,0.32475476999999986,0.35368387671875,0.015375387343749991,13
1.0,0.99889022015625,0.59254657765625,0.6311345,1.0,1.0,0.85142183,1.0,0.97410583,0.0,0.36886549999999996,0.3677557201562499,0.03858792234375008,16
1.0,1.0,0.5301053496875,0.5671271,1.0,1.0,0.8018118,1.0,1.0,0.0,0.4328729,0.4328729,0.03702175031249999,15
1.0,0.9993455765625,0.72330319984375,0.6442875,1.0,1.0,0.90268,1.0,0.962767,0.0,0.3557125,0.3550580765625,0.07901569984375001,6
1.0,1.0,0.6538816425,0.64083445,1.0,1.0,0.8856204,1.0,1.0,0.0,0.35916554999999994,0.35916554999999994,0.013047192499999971,12
0.9502109701562501,1.0,0.5187524696875,0.6225192,0.95147514,1.0,0.8660507,0.9409509,1.0,0.0,0.32769177015625006,0.37748079999999995,0.10376673031250006,22
1.0,0.9974030498437501,0.68813786140625,0.6441162,1.0,1.0,0.921126,1.0,0.9655884,0.0,0.3558838,0.35328684984375003,0.04402166140624997,10
1.0,0.9915750495312501,0.66036315234375,0.6019273,1.0,1.0,0.84502196,1.0,0.91451174,0.0,0.39807269999999995,0.38964774953125003,0.05843585234374993,10
0.9601616787499999,0.9853233490625,0.6299507117187501,0.62459207,0.9604892,1.0,0.86425745,0.9556576,0.9360924,0.0,0.33556960874999986,0.3607312790624999,0.005358641718750001,14
1.0,0.9984091920312499,0.6341007989062499,0.64776975,1.0,1.0,0.8685916,1.0,0.9673346,0.0,0.35223024999999997,0.35063944203124986,0.013668951093750104,14
0.98958770375,0.97609683171875,0.61429446921875,0.66444486,0.9903496,1.0,0.879717,0.98953146,0.89708,0.0,0.32514284375,0.3116519717187499,0.050150390781250054,17
1.0,1.0,0.6601281415625,0.64896005,1.0,1.0,0.90907246,1.0,1.0,0.0,0.35103995,0.35103995,0.011168091562499982,13
0.9654661054687501,1.0,0.61266459859375,0.6367894,0.9658271,1.0,0.8833987,0.9606998,1.0,0.0,0.32867670546875016,0.36321060000000005,0.02412480140624995,15
0.93990182421875,0.9951343690625001,0.64808246078125,0.64699113,0.94111365,1.0,0.8643378,0.9314347,0.94598705,0.0,0.29291069421875005,0.3481432390625001,0.0010913307812500106,12
0.9998166765625001,0.98230219859375,0.6591279665625001,0.62338793,1.0,1.0,0.8123143,0.9882673,0.89952135,0.0,0.3764287465625,0.35891426859375,0.03574003656250002,10
0.9821155421875,1.0,0.5602671349999999,0.61088264,0.9968565,1.0,0.8461612,0.9806896,1.0,0.0,0.37123290218749994,0.38911735999999997,0.050615505000000116,18
0.9530889434375001,1.0,0.58530325046875,0.6091314,0.95408547,1.0,0.8796813,0.9477077,1.0,0.0,0.34395754343750007,0.3908686,0.02382814953125001,14
0.9624274259375,1.0,0.56344375765625,0.60560685,0.9632955,1.0,0.83078736,0.9545458,1.0,0.0,0.35682057593749994,0.39439314999999997,0.04216309234375004,17
1.0,0.9960030728125,0.64863485234375,0.6524939,1.0,1.0,0.89960164,1.0,0.9286586,0.0,0.34750610000000004,0.34350917281250004,0.003859047656250003,13
0.9909430046874999,0.9949404,0.5655665423437499,0.61113197,1.0,1.0,0.8428688,0.9899045,0.9377039,0.0,0.3798110346874999,0.38380843,0.045565427656250046,18
0.96274446296875,0.8903097284375,0.69172805921875,0.64771545,0.9635942,0.95937985,0.82568806,0.9537271,0.81574684,0.0,0.3150290129687501,0.24259427843750003,0.044012609218750054,9
0.9606811150000001,1.0,0.61132209671875,0.6456266,0.96109605,1.0,0.8362487,0.95830166,1.0,0.0,0.31505451500000003,0.35437339999999995,0.03430450328125001,14
1.0,0.97391352515625,0.60375019359375,0.6046236,1.0,1.0,0.83775944,1.0,0.89388156,0.0,0.39537639999999996,0.3692899251562499,0.0008734064062499991,14
1.0,1.0,0.6353902957812501,0.63690346,1.0,1.0,0.88256884,1.0,1.0,0.0,0.36309654,0.36309654,0.0015131642187499184,13
1.0,0.99990030421875,0.6478681107812501,0.6444559,1.0,1.0,0.8756045,1.0,0.99422437,0.0,0.35554410000000003,0.35544440421875,0.0034122107812500913,12
1.0,0.9848887601562499,0.7091511604687499,0.7026877,1.0,1.0,0.9729312,1.0,0.9075493,0.0,0.2973123,0.2822010601562499,0.006463460468749904,12
0.961918574375,0.99881514296875,0.6735975946875,0.6448788,0.9621772,1.0,0.9256971,0.96189666,0.9635609,0.0,0.31703977437499997,0.35393634296875,0.02871879468750005,12
0.956416428125,0.948668386875,0.63192793609375,0.62816894,0.9573581,1.0,0.86579895,0.9453275,0.8885626,0.0,0.32824748812500004,0.320499446875,0.0037589960937499667,13
1.0,0.9975154410937499,0.6514279806250001,0.65353805,1.0,1.0,0.8981095,1.0,0.9602163,0.0,0.34646195,0.3439773910937499,0.002110069374999912,14
0.96005966875,0.918062225625,0.60859120171875,0.64008653,0.9628328,0.99952424,0.84645176,0.959773,0.8344612,0.0,0.31997313875,0.2779756956249999,0.03149532828125001,15
0.95625449125,1.0,0.635691960625,0.6353661,0.9671882,1.0,0.84827137,0.95458406,1.0,0.0,0.3208883912499999,0.36463389999999996,0.00032586062499995183,12
0.9827331296875002,0.9996368228125001,0.665680070625,0.667204,0.98274004,1.0,0.94973755,0.9826663,0.9850671,0.0,0.31552912968750013,0.3324328228125001,0.0015239293750000105,14
1.0,1.0,0.6371033384375,0.63425803,1.0,1.0,0.8809662,1.0,1.0,0.0,0.36574196999999997,0.36574196999999997,0.0028453084374999715,12
0.9969468757812501,1.0,0.6378010065624999,0.6261605,0.9987502,1.0,0.85321105,0.9817293,1.0,0.0,0.37078637578125007,0.3738395,0.01164050656249993,11
0.9575299218749999,0.9992680765625,0.6290006962500001,0.6322443,0.9586177,1.0,0.8442492,0.9486908,0.9703018,0.0,0.3252856218749999,0.36702377656250007,0.0032436037499998793,12
1.0,1.0,0.6303522756250001,0.65794635,1.0,1.0,0.89363045,1.0,1.0,0.0,0.34205365,0.34205365,0.027594074374999944,13
1.0,0.949355115625,0.573109681875,0.6041862,1.0,1.0,0.82568806,1.0,0.86431444,0.0,0.3958138,0.34516891562499996,0.031076518125000008,16
0.9614424046875,0.9997967953125,0.5014816359375001,0.59181964,0.9673792,1.0,0.8302585,0.96047205,0.9920491,0.0,0.3696227646875,0.4079771553125,0.09033800406249992,21
0.982185703125,0.9887725940625,0.562938658125,0.6217103,0.9897162,1.0,0.8307388,0.9814083,0.9241726,0.0,0.3604754031249999,0.3670622940624999,0.05877164187500006,17
0.9655424870312501,0.9914579715625,0.63700921078125,0.62302417,0.9663031,1.0,0.8867,0.9577277,0.94344234,0.0,0.34251831703125013,0.36843380156250005,0.013985040781249958,14
0.9898757625000001,0.9991232915625,0.62896786484375,0.64344615,0.9936835,1.0,0.89449525,0.9893318,0.9635728,0.0,0.34642961250000004,0.35567714156249997,0.014478285156250048,14
1.0,1.0,0.6618596050000001,0.6468186,1.0,1.0,0.8835106,1.0,1.0,0.0,0.3531814,0.3531814,0.015041005000000052,12
0.98453947375,0.9136608246875,0.6456398003125,0.6339963,0.9943409,1.0,0.8565191,0.98333794,0.84988916,0.0,0.35054317375,0.2796645246875,0.011643500312500055,13
1.0,0.9998552656249999,0.64112223984375,0.6420497,1.0,1.0,0.86984605,1.0,0.990737,0.0,0.35795030000000005,0.357805565625,0.000927460156249893,14
0.9759128621875,0.9953426090624999,0.6943106276562498,0.64481443,0.9857795,1.0,0.8852885,0.97516894,0.9210495,0.0,0.3310984321874999,0.3505281790624999,0.049496197656249796,10
1.0,1.0,0.67999475921875,0.63478374,1.0,1.0,0.88318497,1.0,1.0,0.0,0.36521625999999996,0.36521625999999996,0.045211019218749926,11
0.9593281274999998,0.90476236296875,0.63913091,0.6326709,0.9601912,0.97232807,0.8767699,0.94917876,0.8208514,0.0,0.3266572274999998,0.27209146296875,0.0064600099999999605,14
1.0,0.99825755125,0.59793280515625,0.634033,1.0,1.0,0.8961509,1.0,0.93156433,0.0,0.36596700000000004,0.3642245512500001,0.03610019484374993,17
0.9813825929687501,0.990615410625,0.7110800349999999,0.702999,0.9902646,1.0,0.913827,0.98023635,0.918923,0.0,0.27838359296875004,0.287616410625,0.008081034999999903,11
0.9812570865624999,1.0,0.6316293140625,0.64640814,0.9826079,1.0,0.8637432,0.9724541,1.0,0.0,0.33484894656249986,0.35359186,0.014778825937500017,13
1.0,0.998081400625,0.673839690625,0.6463582,1.0,1.0,0.88631487,1.0,0.94056094,0.0,0.3536418,0.35172320062499995,0.02748149062500005,12
1.0,1.0,0.6465461114062501,0.6742718,1.0,1.0,0.90287274,1.0,1.0,0.0,0.3257282,0.3257282,0.02772568859374991,15
0.9979652634375,0.90527193140625,0.67180062921875,0.6871529,1.0,0.99125,0.8936641,0.98888355,0.8169941,0.0,0.31081236343750007,0.21811903140625,0.01535227078125001,13
0.997063625,0.9973528459375,0.6147935510937501,0.646853,1.0,1.0,0.8681263,0.996386,0.9252047,0.0,0.350210625,0.35049984593749994,0.0320594489062499,16
0.9919450668749998,0.9784704251562499,0.5775917015625001,0.620342,0.9920734,1.0,0.8658645,0.9910469,0.8722221,0.0,0.3716030668749999,0.35812842515625,0.04275029843749989,18
0.9715086582812499,0.9970276309375,0.70023661375,0.66263777,0.97172606,1.0,0.93698716,0.9698713,0.92026144,0.0,0.30887088828124987,0.3343898609375,0.03759884375,10
0.9907598951562502,1.0,0.57799627375,0.64683443,0.99100876,1.0,0.87290186,0.99072266,1.0,0.0,0.3439254651562502,0.35316557000000004,0.06883815625,18
1.0,0.9995330259374999,0.5717981285937501,0.620309,1.0,1.0,0.8495115,1.0,0.9747034,0.0,0.379691,0.37922402593749993,0.04851087140624988,18
1.0,0.9371955643750001,0.6542756210937499,0.64500165,1.0,1.0,0.90263045,1.0,0.85758567,0.0,0.35499835,0.2921939143750001,0.009273971093749944,12
0.98116262421875,0.9632676428125,0.64481274015625,0.6152388,0.9839143,1.0,0.81834203,0.98071235,0.86049795,0.0,0.36592382421875,0.3480288428125,0.029573940156250034,11
1.0,0.97480753125,0.6188384221875001,0.62233824,1.0,1.0,0.8375977,1.0,0.88269377,0.0,0.37766175999999996,0.3524692912499999,0.0034998178124999724,14
0.9810218051562498,1.0,0.64387082609375,0.65056765,0.9847949,1.0,0.89040184,0.98077047,1.0,0.0,0.33045415515624976,0.34943234999999995,0.006696823906250038,14
0.98440184375,0.97161233109375,0.7276758553125,0.6712135,0.9853178,1.0,0.8706508,0.9749964,0.8891325,0.0,0.31318834374999993,0.30039883109375,0.05646235531249999,7
1.0,0.9998813765625,0.66137607390625,0.61698854,1.0,1.0,0.84146625,1.0,0.994252,0.0,0.38301145999999997,0.38289283656249995,0.04438753390624994,10
1.0,1.0,0.6088560096875,0.6412103,1.0,1.0,0.8709047,1.0,1.0,0.0,0.3587897,0.3587897,0.032354290312500034,15
0.9707147899999999,0.9998787259374999,0.631591213125,0.60603285,0.9728045,1.0,0.8197741,0.95615876,0.99223846,0.0,0.36468194,0.3938458759375,0.02555836312500004,12
1.0,0.9685301951562499,0.65703502921875,0.6688327,1.0,1.0,0.90613794,1.0,0.90400916,0.0,0.33116730000000005,0.29969749515625,0.011797670781249936,13
0.98161231875,0.99682961078125,0.6536721315625,0.6721912,0.9816348,1.0,0.90669024,0.981504,0.96315145,0.0,0.30942111875,0.32463841078125,0.018519068437499953,14
0.9844034634375001,0.98250363359375,0.6691597890625001,0.65528816,0.9861009,1.0,0.8803838,0.97255653,0.88174284,0.0,0.32911530343750006,0.32721547359375003,0.013871629062500057,11
1.0,0.9799162473437499,0.58825770734375,0.6041273,1.0,1.0,0.8622476,1.0,0.9018869,0.0,0.39587269999999997,0.3757889473437499,0.015869592656249987,16
0.9724535734375,0.9668706740625,0.5570258365625,0.63947433,0.9750746,1.0,0.87089694,0.9720249,0.90487605,0.0,0.33297924343750007,0.32739634406250007,0.08244849343749994,19
0.9574448407812499,0.9348428940625001,0.6403957874999999,0.6342349,0.96977836,1.0,0.84726757,0.9560553,0.8579475,0.0,0.32320994078124987,0.30060799406250005,0.006160887499999879,12
0.9683087726562499,0.99987774453125,0.63101865734375,0.5806572,0.9688364,1.0,0.82749057,0.9643371,0.9935223,0.0,0.38765157265624994,0.41922054453125,0.05036145734374997,9
0.9644514028125001,0.97652957609375,0.5246035225000001,0.562647,0.9645405,1.0,0.8431858,0.96327364,0.87643045,0.0,0.40180440281250007,0.41388257609375,0.03804347749999992,17
0.9490616328125001,1.0,0.62703710359375,0.5789921,0.9512723,1.0,0.87447625,0.94883305,1.0,0.0,0.3700695328125001,0.4210079,0.04804500359374997,10
1.0,0.9691250931250001,0.65273836109375,0.6101199,1.0,1.0,0.8431883,1.0,0.8864485,0.0,0.38988009999999995,0.359005193125,0.042618461093750004,9
0.95028999375,0.999768250625,0.65986877796875,0.62017167,0.950687,1.0,0.8650013,0.94730145,0.9860884,0.0,0.33011832375000005,0.379596580625,0.039697107968750034,10
1.0,0.9861377471874999,0.57230171578125,0.5785875,1.0,1.0,0.8432795,1.0,0.9094494,0.0,0.42141249999999997,0.4075502471874999,0.006285784218750035,15
0.9567231153125002,0.9994199090625,0.5628673531249999,0.61804605,0.96322936,1.0,0.86527705,0.95621234,0.98161346,0.0,0.3386770653125002,0.3813738590625,0.0551786968750001,19
1.0,1.0,0.64486406984375,0.62835616,1.0,1.0,0.8822902,1.0,1.0,0.0,0.37164383999999995,0.37164383999999995,0.016507909843749946,12
1.0,0.9955878903125,0.6459707854687501,0.64566886,1.0,1.0,0.88027954,1.0,0.89454216,0.0,0.35433114,0.34991903031249993,0.000301925468750075,12
1.0,1.0,0.6685209853125,0.6386911,1.0,1.0,0.9206035,1.0,1.0,0.0,0.36130890000000004,0.36130890000000004,0.029829885312500082,11
1.0,0.999434184375,0.6011101540625,0.61524355,1.0,1.0,0.887981,1.0,0.9637878,0.0,0.38475645,0.384190634375,0.01413339593749996,15
1.0,1.0,0.5718697604687499,0.63372487,1.0,1.0,0.86307204,1.0,1.0,0.0,0.36627513,0.36627513,0.06185510953125006,17
0.97442162171875,0.9090916125000001,0.7014842498437499,0.65791035,0.97491634,0.97142446,0.8952809,0.97190255,0.80667156,0.0,0.31651127171875004,0.25118126250000017,0.04357389984374993,10
1.0,0.998579139375,0.6660061643749999,0.6350096,1.0,1.0,0.85352564,1.0,0.95561856,0.0,0.36499040000000005,0.36356953937500003,0.03099656437499998,10
1.0,0.99843591796875,0.65600545234375,0.63054466,1.0,1.0,0.8351775,1.0,0.9239792,0.0,0.36945534,0.36789125796875,0.025460792343749983,10
1.0,0.9998330843750001,0.6228142946875,0.6365704,1.0,1.0,0.8278716,1.0,0.9893174,0.0,0.3634296,0.3632626843750001,0.013756105312499933,13
0.9561291307812502,0.99454060671875,0.577504065625,0.64165163,0.95686406,1.0,0.8556249,0.9560389,0.94823575,0.0,0.31447750078125014,0.35288897671874997,0.06414756437500002,19
0.983227186875,0.99908818015625,0.62386629859375,0.6157567,0.9835773,1.0,0.8379849,0.98004246,0.95762473,0.0,0.36747048687499995,0.38333148015624996,0.008109598593749934,13
1.0,0.999837515625,0.6326832192187499,0.63647103,1.0,1.0,0.88010305,1.0,0.989601,0.0,0.36352896999999995,0.36336648562499996,0.0037878107812501227,14
0.9832565234374999,0.9437950353125001,0.70590333265625,0.65062857,0.9868121,1.0,0.8497197,0.9823502,0.87020206,0.0,0.33262795343749996,0.2931664653125001,0.05527476265625009,8
0.9842933214062501,0.997727220625,0.5871654992187499,0.591463,0.98476136,1.0,0.7949033,0.977287,0.96319807,0.0,0.3928303214062502,0.406264220625,0.004297500781250019,14
0.9591523225,1.0,0.6802007285937499,0.66842794,0.96104246,1.0,0.89064085,0.9476381,1.0,0.0,0.2907243825,0.33157205999999995,0.011772788593749861,12
1.0,0.9980456578125,0.6629552692187499,0.6417296,1.0,1.0,0.8663,1.0,0.9383222,0.0,0.3582704,0.3563160578125,0.02122566921874991,11
0.9817709204687499,0.9996942015625,0.7006226507812501,0.65150785,0.98187745,1.0,0.8792539,0.98096853,0.9804289,0.0,0.3302630704687499,0.3481863515625,0.04911480078125008,8
1.0,0.87360935203125,0.65568426296875,0.62923646,1.0,0.9424658,0.85495526,1.0,0.78583914,0.0,0.37076354,0.24437289203125,0.026447802968750045,12
0.9434533812500001,0.99931313546875,0.58628908390625,0.6456749,0.9438623,1.0,0.8327925,0.939941,0.9674214,0.0,0.29777848125000006,0.35363823546874995,0.05938581609375004,17
1.0,1.0,0.64399034265625,0.62710464,1.0,1.0,0.8537907,1.0,1.0,0.0,0.37289536,0.37289536,0.01688570265625,11
0.9791343156250001,1.0,0.6491830634375,0.6450925,0.985569,1.0,0.83713776,0.9782168,1.0,0.0,0.3340418156250001,0.35490750000000004,0.004090563437500028,11
0.9826857857812499,1.0,0.65796988984375,0.6377635,0.98797494,1.0,0.8802087,0.98210543,1.0,0.0,0.34492228578124984,0.36223649999999996,0.020206389843750006,11
0.9790961548437499,1.0,0.6407908753125,0.6495471,0.98471606,1.0,0.8650645,0.9787221,1.0,0.0,0.32954905484374986,0.35045289999999996,0.008756224687500036,14
0.9998079818750001,1.0,0.60179590609375,0.648266,1.0,1.0,0.8704339,0.99976367,1.0,0.0,0.3515419818750001,0.351734,0.04647009390625001,17
0.9841042218750002,1.0,0.5862324590625,0.63202715,0.9845503,1.0,0.86984307,0.9800477,1.0,0.0,0.35207707187500026,0.36797285,0.04579469093749999,17
0.9646861640625,0.98364901296875,0.649749554375,0.6307671,0.9669402,1.0,0.8628556,0.9473597,0.9155453,0.0,0.33391906406249994,0.35288191296874993,0.018982454375000013,12
1.0,1.0,0.6493843628125,0.6479563,1.0,1.0,0.91846836,1.0,1.0,0.0,0.35204369999999996,0.35204369999999996,0.001428062812499964,13
0.9561889132812501,0.9915644428125,0.5857139259375,0.6436372,0.97215515,1.0,0.88932484,0.9548417,0.936086,0.0,0.3125517132812501,0.3479272428125,0.057923274062499974,18
1.0,1.0,0.64645640546875,0.64298594,1.0,1.0,0.8636502,1.0,1.0,0.0,0.35701406,0.35701406,0.0034704654687500724,13
1.0,1.0,0.6802907971875001,0.61938816,1.0,1.0,0.8736751,1.0,1.0,0.0,0.38061184000000003,0.38061184000000003,0.06090263718750011,10
1.0,1.0,0.6589554378125,0.6310885,1.0,1.0,0.8519417,1.0,1.0,0.0,0.36891149999999995,0.36891149999999995,0.027866937812499937,11
1.0,0.99734986078125,0.673348006875,0.64238644,1.0,1.0,0.86572886,1.0,0.95055693,0.0,0.35761356,0.35496342078125,0.030961566874999957,11
1.0,0.99933835703125,0.5966101784375,0.6243294,1.0,1.0,0.83215475,1.0,0.9669732,0.0,0.37567059999999997,0.3750089570312499,0.027719221562500063,16
0.9531485718750001,0.96072522390625,0.6255942800000001,0.6255381,0.962068,1.0,0.8568035,0.9521423,0.87392163,0.0,0.32761047187500014,0.33518712390625005,5.618000000007228e-05,14
0.99921113875,0.9894373359374999,0.6061537575,0.6241413,1.0,1.0,0.82837754,0.9919516,0.9229414,0.0,0.37506983875,0.36529603593749993,0.01798754250000001,15
0.962595498125,1.0,0.67153471953125,0.63430405,0.9640748,1.0,0.8660541,0.9624331,1.0,0.0,0.328291448125,0.36569595,0.03723066953124998,10
1.0,1.0,0.65115495984375,0.63729215,1.0,1.0,0.8526203,1.0,1.0,0.0,0.36270785000000005,0.36270785000000005,0.013862809843750101,13
0.9962054331249999,0.94255993765625,0.68817806515625,0.64817446,0.9971757,1.0,0.8790503,0.98030126,0.86052585,0.0,0.34803097312499987,0.29438547765625,0.04000360515625001,10
0.98987543015625,1.0,0.6903833225,0.65115744,0.99633443,1.0,0.8735126,0.9887518,1.0,0.0,0.33871799015625004,0.34884256,0.03922588250000003,9
0.986787945625,0.9830132242187499,0.59528950359375,0.62651956,0.9911392,1.0,0.84570324,0.98653644,0.9043398,0.0,0.3602683856250001,0.35649366421874995,0.031230056406249984,16
1.0,0.9993988670312499,0.5719820409375,0.6564276,1.0,1.0,0.8890088,1.0,0.96925026,0.0,0.3435724,0.3429712670312499,0.08444555906249995,19
0.97040430921875,0.9983015728125,0.5838633570312499,0.5950719,0.97116107,1.0,0.81136024,0.96577966,0.9525759,0.0,0.37533240921875,0.4032296728125,0.011208542968750068,15
1.0,0.99949075234375,0.567166904375,0.62023634,1.0,1.0,0.8411736,1.0,0.9802821,0.0,0.37976365999999995,0.3792544123437499,0.053069435625000105,18
1.0,0.9992512395312501,0.6491577089062499,0.5996184,1.0,1.0,0.84315807,1.0,0.96575963,0.0,0.4003816,0.39963283953125006,0.04953930890624991,10
0.9582271609375,0.924725944375,0.5923192668749999,0.6382282,0.9623774,1.0,0.8744401,0.95716995,0.8584062,0.0,0.3199989609375,0.286497744375,0.045908933125000106,17
1.0,0.94267698078125,0.7153187400000001,0.65453136,1.0,1.0,0.8650215,1.0,0.84293664,0.0,0.34546864,0.28814562078124994,0.06078738000000006,8
1.0,1.0,0.60853820953125,0.6236476,1.0,1.0,0.8805715,1.0,1.0,0.0,0.37635240000000003,0.37635240000000003,0.015109390468749928,16
0.9810829078125001,0.99843240546875,0.70884054796875,0.66825765,0.9819464,1.0,0.8979254,0.9754518,0.9361947,0.0,0.31282525781250003,0.33017475546874997,0.04058289796874992,9
1.0,0.866399548125,0.67854596359375,0.65809715,1.0,0.92316276,0.87269163,1.0,0.7944183,0.0,0.34190285,0.20830239812499995,0.020448813593749948,10
0.9685887278124999,0.9663349175,0.65658359328125,0.64665043,0.981979,1.0,0.86914086,0.9676198,0.8586077,0.0,0.32193829781249994,0.3196844875,0.009933163281250046,11
1.0,0.9996059015625001,0.63254047640625,0.6431823,1.0,1.0,0.88226193,1.0,0.9785523,0.0,0.3568177,0.3564236015625001,0.010641823593749988,14
0.9762291650000001,0.9587009412499999,0.5865398390625001,0.6371444,0.98501164,1.0,0.8414901,0.97569656,0.87442863,0.0,0.33908476500000007,0.3215565412499999,0.05060456093749999,16
1.0,1.0,0.6291726940625,0.6327294,1.0,1.0,0.87699205,1.0,1.0,0.0,0.3672706,0.3672706,0.0035567059375000154,14
0.97892950578125,0.9975306948437499,0.5477774304687499,0.6024968,0.98917365,1.0,0.8614502,0.97829384,0.94574875,0.0,0.37643270578125,0.39503389484374984,0.05471936953125012,18
1.0,1.0,0.61624260265625,0.6330375,1.0,1.0,0.83870065,1.0,1.0,0.0,0.36696249999999997,0.36696249999999997,0.01679489734375006,14
0.9564050959375,1.0,0.6041779710937499,0.6293487,0.95741224,1.0,0.8293516,0.949837,1.0,0.0,0.3270563959375,0.3706513,0.02517072890625005,14
0.966038083125,0.872300586875,0.6427819525,0.665962,0.9779849,0.96363056,0.8712329,0.9650289,0.786924,0.0,0.3000760831249999,0.20633858687499995,0.023180047500000023,14
0.973079724375,0.98536232109375,0.59967657453125,0.5871256,0.97356564,1.0,0.8422983,0.97298974,0.9238184,0.0,0.385954124375,0.39823672109374997,0.012550974531249981,12
0.9946623193750002,1.0,0.6010129976562499,0.6335797,1.0,1.0,0.8753557,0.99367386,1.0,0.0,0.3610826193750002,0.36642030000000003,0.03256670234375003,16
1.0,0.99949811859375,0.6039557928125001,0.61904883,1.0,1.0,0.90227115,1.0,0.97891235,0.0,0.38095117,0.38044928859375005,0.01509303718749988,15
1.0,0.99713635640625,0.6526078659375001,0.61504185,1.0,1.0,0.90510374,1.0,0.9569367,0.0,0.38495815,0.38209450640625,0.037566015937500086,11
1.0,0.9897818753125001,0.61115619890625,0.6279848,1.0,1.0,0.8891138,1.0,0.9292277,0.0,0.3720152,0.36179707531250005,0.016828601093750062,15
0.999695246875,0.9984798975,0.6659770409375,0.623677,1.0,1.0,0.84875,0.991016,0.9599975,0.0,0.37601824687499996,0.37480289749999995,0.04230004093749995,10
0.95534626296875,0.9042547321875,0.6111123284375,0.64132506,0.97331935,0.9722974,0.8790746,0.9541537,0.81298494,0.0,0.31402120296875,0.26292967218749996,0.03021273156250004,16
1.0,0.9893455740625,0.62112905,0.6432766,1.0,1.0,0.89060134,1.0,0.915973,0.0,0.3567234,0.34606897406250003,0.022147550000000016,14
1.0,0.956227429375,0.68865422796875,0.66144645,1.0,1.0,0.85824484,1.0,0.86076224,0.0,0.33855355,0.29478097937500003,0.027207777968749958,9
0.9571103581249999,0.99964000703125,0.64564083609375,0.636203,0.95740116,1.0,0.87119013,0.9557831,0.9856111,0.0,0.32090735812499993,0.36343700703125004,0.00943783609375004,12
1.0,0.99998164734375,0.65506024828125,0.66440105,1.0,1.0,0.88669246,1.0,0.99882543,0.0,0.33559894999999995,0.3355805973437499,0.00934080171875007,13
0.9934678543750001,0.99094625828125,0.6627326278125001,0.63198775,1.0,1.0,0.85235256,0.9918854,0.9331623,0.0,0.3614801043750001,0.3589585082812501,0.030744877812500127,10
1.0,0.93119867984375,0.5912880579687501,0.6170019,1.0,0.9950871,0.8698607,1.0,0.8699048,0.0,0.3829981,0.31419677984375005,0.025713842031249934,15
0.97586149359375,1.0,0.61181631140625,0.61992496,0.98661923,1.0,0.8504158,0.9742178,1.0,0.0,0.35593653359375,0.38007504000000003,0.008108648593749934,14
0.973424444375,0.95668738734375,0.5827897492187499,0.6366103,0.973909,1.0,0.8701805,0.968746,0.8589154,0.0,0.336814144375,0.32007708734375007,0.05382055078125003,17
1.0,0.9652965003125,0.65684751984375,0.6421498,1.0,1.0,0.91831756,1.0,0.91173124,0.0,0.3578502,0.32314670031250003,0.014697719843750012,11
1.0,0.8372996684375,0.58198514375,0.63727456,1.0,0.91541433,0.8821574,1.0,0.7594118,0.0,0.36272543999999995,0.2000251084375,0.055289416250000056,18
0.9509243834374999,1.0,0.6209881335937499,0.6301158,0.9526663,1.0,0.87418973,0.9341598,1.0,0.0,0.32080858343749985,0.3698842,0.009127666406250068,15
1.0,0.9986341421875,0.7468432070312501,0.66999054,1.0,1.0,0.89576715,1.0,0.9594868,0.0,0.33000946,0.3286436021875,0.07685266703125004,6
1.0,0.93455595515625,0.6843875520312501,0.6472359,1.0,1.0,0.86811024,1.0,0.8686391,0.0,0.3527641,0.28732005515625003,0.03715165203125015,10
0.9730954906250002,1.0,0.7082859896875,0.68084186,0.9740355,1.0,0.90666443,0.9597697,1.0,0.0,0.2922536306250002,0.31915814,0.027444129687499985,10
1.0,0.98500515328125,0.60830808578125,0.6233964,1.0,1.0,0.8691132,1.0,0.88875353,0.0,0.37660360000000004,0.3616087532812501,0.01508831421875001,15
1.0,1.0,0.684837495,0.66553,1.0,1.0,0.93953705,1.0,1.0,0.0,0.33447000000000005,0.33447000000000005,0.019307495000000063,12
1.0,0.9944744339062499,0.6499765484375,0.64050704,1.0,1.0,0.85877573,1.0,0.95150006,0.0,0.35949296,0.35396739390624987,0.00946950843749994,12
0.999801146875,0.999259728125,0.6622132812499999,0.64748085,1.0,1.0,0.8973445,0.9936367,0.9761047,0.0,0.352320296875,0.35177887812499997,0.0147324312499999,12
0.9885108209374999,0.96656881109375,0.6505653270312499,0.65720314,0.98924714,1.0,0.86706746,0.9847627,0.8750663,0.0,0.33130768093749985,0.30936567109375,0.006637812968750101,12
1.0,0.999979544375,0.6577394839062499,0.63051534,1.0,1.0,0.83753824,1.0,0.99869084,0.0,0.36948466,0.36946420437500005,0.027224143906249942,10
1.0,0.9985214801562501,0.5231923017187501,0.6149161,1.0,1.0,0.8590048,1.0,0.9602585,0.0,0.38508390000000003,0.3836053801562501,0.09172379828124988,21
0.9877670828124999,1.0,0.6160601814062501,0.6476085,0.9885679,1.0,0.9184643,0.9792673,1.0,0.0,0.3401585828124999,0.35239149999999997,0.03154831859374996,15
0.9634528121874999,1.0,0.66565862953125,0.6508337,0.96468055,1.0,0.87699395,0.95720756,1.0,0.0,0.31261911218749994,0.34916630000000004,0.01482492953125003,11
1.0,0.9862612304687499,0.63149431125,0.6379942,1.0,1.0,0.87829065,1.0,0.90216845,0.0,0.36200580000000004,0.34826703046874996,0.00649988874999996,14
0.9646851007812499,0.996638386875,0.5958875537500001,0.63906735,0.9657278,1.0,0.8742862,0.9593798,0.93855906,0.0,0.3256177507812499,0.3575710368749999,0.0431797962499999,16
1.0,0.99053072453125,0.6604302284375001,0.65161836,1.0,1.0,0.91544145,1.0,0.91166145,0.0,0.34838164000000005,0.33891236453125007,0.008811868437500148,12
0.9616208553124999,1.0,0.6094437435937501,0.63855153,0.9659834,1.0,0.8539754,0.9608611,1.0,0.0,0.3230693253124999,0.36144847,0.02910778640624989,15
0.99649459,1.0,0.7097295367187499,0.6505493,1.0,1.0,0.8720946,0.99584544,1.0,0.0,0.34594528999999996,0.3494507,0.059180236718749946,8
0.9884320699999999,0.9959087210937501,0.6774634803124999,0.66356885,0.99828976,1.0,0.87255317,0.98692614,0.9358383,0.0,0.3248632199999999,0.33233987109375007,0.013894630312499934,12
1.0,1.0,0.7037303746875,0.6555347,1.0,1.0,0.8625493,1.0,1.0,0.0,0.3444653,0.3444653,0.04819567468749997,8
0.9832750671874999,1.0,0.6876407784374999,0.6495506,0.9940714,1.0,0.85327584,0.9821613,1.0,0.0,0.33372446718749993,0.3504494,0.038090178437499955,9
0.9753148500000001,0.9996213546875,0.55341591015625,0.58678854,0.9846245,1.0,0.89065135,0.9743541,0.9818432,0.0,0.38852631000000004,0.4128328146875,0.03337262984375,16
1.0,0.99865315375,0.649334768125,0.6539364,1.0,1.0,0.8793948,1.0,0.9366017,0.0,0.3460636,0.34471675375,0.004601631874999956,13
1.0,0.79135441640625,0.6555005234375,0.6134433,1.0,0.85663074,0.8095629,1.0,0.7039327,0.0,0.3865567,0.17791111640625001,0.04205722343749996,9
1.0,0.9975901196875001,0.5811564398437501,0.61433184,1.0,1.0,0.82487065,1.0,0.94019324,0.0,0.38566816000000004,0.38325827968750015,0.03317540015624987,15
1.0,0.98663742671875,0.574604016875,0.63648516,1.0,1.0,0.94434005,1.0,0.9133178,0.0,0.36351484,0.35015226671875,0.06188114312500004,17
0.9697887796875,0.9782815221875001,0.6812516465625,0.6400409,0.97064126,1.0,0.87547576,0.9633786,0.8818562,0.0,0.32974787968749997,0.33824062218750006,0.04121074656250001,10
0.9915483953124999,0.98392408203125,0.6126392739062501,0.6346778,0.99287134,1.0,0.8264965,0.98292947,0.90875983,0.0,0.3568705953125,0.3492462820312501,0.0220385260937499,14
0.999821498125,0.9998537046875,0.6305440784375,0.66484785,1.0,1.0,0.86474067,0.9922598,0.9906371,0.0,0.33497364812499997,0.3350058546875,0.034303771562499974,14
0.9711731509374999,0.998307253125,0.58776575671875,0.6347058,0.9724808,1.0,0.84443676,0.9620443,0.9335842,0.0,0.3364673509374999,0.36360145312500003,0.04694004328125001,17
1.0,1.0,0.7422303065625,0.6721041,1.0,1.0,0.83810437,1.0,1.0,0.0,0.3278959,0.3278959,0.07012620656250002,6
1.0,0.9819071292187499,0.6978658121875,0.67362726,1.0,1.0,0.9351687,1.0,0.8933368,0.0,0.32637274000000005,0.30827986921874995,0.02423855218750004,11
0.95005915625,0.8622182475,0.6490011242187501,0.61086696,0.95106804,0.9469606,0.85132915,0.9408961,0.7606435,0.0,0.3391921962500001,0.2513512875,0.038134164218750155,11
1.0,0.99806004140625,0.64524724078125,0.61941457,1.0,1.0,0.840792,1.0,0.9456896,0.0,0.38058543,0.37864547140625004,0.025832670781249956,11
1.0,0.99861749390625,0.57616553390625,0.62599736,1.0,1.0,0.8540366,1.0,0.96614176,0.0,0.37400264000000005,0.37262013390625004,0.04983182609374992,17
0.984250103125,0.99994844296875,0.63967981265625,0.6348702,0.98667985,1.0,0.84315914,0.9839519,0.99670035,0.0,0.349379903125,0.3650782429687499,0.004809612656249906,12
1.0,0.89099060609375,0.5912514662499999,0.6376145,1.0,0.9630556,0.8881607,1.0,0.8149615,0.0,0.3623855,0.25337610609375005,0.04636303375000006,17
0.9873737593750002,0.9863406328125,0.70157819375,0.6817724,0.9883819,1.0,0.8900076,0.966963,0.8992979,0.0,0.3056013593750002,0.3045682328125,0.019805793750000023,10
1.0,1.0,0.5943335503125,0.61156845,1.0,1.0,0.8440688,1.0,1.0,0.0,0.38843154999999996,0.38843154999999996,0.017234899687500027,15
0.97561098890625,0.9920464134375,0.67301344140625,0.63222635,0.97598875,1.0,0.86284965,0.97115976,0.9312216,0.0,0.34338463890624993,0.35982006343749995,0.04078709140624992,10
1.0,0.9920266720312501,0.66575213,0.6535405,1.0,1.0,0.9034627,1.0,0.91958874,0.0,0.34645950000000003,0.3384861720312501,0.012211630000000029,13
1.0,0.99852146875,0.6797841275000001,0.6709762,1.0,1.0,0.8840312,1.0,0.9525056,0.0,0.3290238,0.32754526875,0.008807927500000035,11
0.9563664625000001,0.99883261328125,0.6068926117187501,0.6572991,0.9640121,1.0,0.8855369,0.9554292,0.9686369,0.0,0.2990673625000001,0.3415335132812499,0.05040648828124994,17
1.0,0.9480374940625,0.6725984828125,0.64169234,1.0,1.0,0.8285305,1.0,0.8716039,0.0,0.35830766000000003,0.30634515406250007,0.030906142812500037,9
0.9407821374999998,1.0,0.68494798046875,0.6830408,0.9416302,1.0,0.93569857,0.9307939,1.0,0.0,0.25774133749999983,0.3169592,0.001907180468750047,13
0.9447953146875001,1.0,0.64094566890625,0.66495353,0.9453788,1.0,0.9167357,0.94005054,1.0,0.0,0.2798417846875001,0.33504647,0.02400786109374997,15
0.98564009703125,1.0,0.6468414381250001,0.6456935,0.98574233,1.0,0.8505712,0.9856308,1.0,0.0,0.33994659703124996,0.35430649999999997,0.0011479381250000253,12
0.96242331171875,1.0,0.5757152990625,0.61685437,0.96263075,1.0,0.90275234,0.95997554,1.0,0.0,0.34556894171874997,0.38314563,0.04113907093750002,18
1.0,1.0,0.63886704921875,0.6163883,1.0,1.0,0.8311927,1.0,1.0,0.0,0.3836117,0.3836117,0.022478749218750038,11
0.9534164462500001,0.96894988734375,0.6197486321875,0.6137743,0.954004,1.0,0.8273611,0.9477436,0.9013073,0.0,0.3396421462500001,0.35517558734375,0.005974332187499987,12
0.9972536889062499,0.98942211203125,0.6340875540625001,0.65788496,1.0,1.0,0.8541565,0.9970865,0.92784774,0.0,0.3393687289062499,0.33153715203125,0.023797405937499905,14
1.0,1.0,0.6072821782812499,0.6396223,1.0,1.0,0.82568806,1.0,1.0,0.0,0.3603777,0.3603777,0.032340121718750114,14
0.9646762243749999,0.9998409915625,0.6810315379687499,0.66605765,0.97356814,1.0,0.89895076,0.9633166,0.98982346,0.0,0.29861857437499995,0.3337833415625,0.014973887968749988,12
0.9845629351562499,1.0,0.6249640771875,0.6251469,0.9938729,1.0,0.8637227,0.9827378,1.0,0.0,0.35941603515625,0.37485310000000005,0.0001828228124999276,14
0.9950054507812499,1.0,0.6427046610937501,0.6378498,0.9954813,1.0,0.86585134,0.9899476,1.0,0.0,0.3571556507812499,0.3621502,0.004854861093750107,13
